Page Name,Page URL,Category,Status Code,Response Time (ms),Error
"Homepage","https://sunrisespices.in/","Healthy","200","49.9",""
"Blogs","https://sunrisespices.in/blogs.html","Healthy","200","102.43",""
"How To Use Cumin","https://sunrisespices.in/blogs/how-to-use-cumin.html","Healthy","200","402.73",""
"How To Use Ajwain","https://sunrisespices.in/blogs/how-to-use-ajwain.html","Healthy","200","721.15",""
"Bengali Breakfast Dishes You Must Try","https://sunrisespices.in/blogs/bengali-breakfast-dishes-you-must-try.html","Healthy","200","97.45",""
"How To Use Cardamom","https://sunrisespices.in/blogs/how-to-use-cardamom.html","Healthy","200","353.04",""
"Turmeric The Golden Spice Of India","https://sunrisespices.in/blogs/turmeric-the-golden-spice-of-india.html","Healthy","200","1151.68",""
"How To Choose The Best Chilli Powder For Your Recipes","https://sunrisespices.in/blogs/how-to-choose-the-best-chilli-powder-for-your-recipes.html","Healthy","200","344.39",""
"Exploring Different Varieties Of Mustard From Yellow To Brown","https://sunrisespices.in/blogs/exploring-different-varieties-of-mustard-from-yellow-to-brown.html","Healthy","200","88.58",""
"Top 5 Most Expensive Spices","https://sunrisespices.in/blogs/top-5-most-expensive-spices.html","Healthy","200","1877.22",""
"6 Vegetarian Assamese Thali","https://sunrisespices.in/blogs/6-vegetarian-assamese-thali.html","Healthy","200","3849",""
"How To Start Your Own Spice Garden","https://sunrisespices.in/blogs/how-to-start-your-own-spice-garden.html","Healthy","200","337.05",""
"5 Must Try Bengali Dishes","https://sunrisespices.in/blogs/5-must-try-bengali-dishes.html","Healthy","200","834.86",""
"Different Assamese Dishes And Cuisine","https://sunrisespices.in/blogs/different-assamese-dishes-and-cuisine.html","Healthy","200","105.98",""
"Bengali Fish Cuisine","https://sunrisespices.in/blogs/bengali-fish-cuisine.html","Healthy","200","2884.8",""
"Meghalaya Traditional Food Culture","https://sunrisespices.in/blogs/meghalaya-traditional-food-culture.html","Healthy","200","489.2",""
"Famous Kolkatas Street Food","https://sunrisespices.in/blogs/famous-kolkatas-street-food.html","Healthy","200","569.84",""
"Bengali Panch Phoran","https://sunrisespices.in/blogs/bengali-panch-phoran.html","Healthy","200","2907",""
"Indian Spice Mix Masala","https://sunrisespices.in/blogs/indian-spice-mix-masala.html","Healthy","200","332.78",""
"Uses Of Kasuri Methi","https://sunrisespices.in/blogs/uses-of-kasuri-methi.html","Healthy","200","822.34",""
"Assamese Spices And Cooking","https://sunrisespices.in/blogs/assamese-spices-and-cooking.html","Healthy","200","70.65",""
"Types Of Chilli Powder And Uses","https://sunrisespices.in/blogs/types-of-chilli-powder-and-uses.html","Healthy","200","21.85",""
"Holi Festival Sweets And Special Dishes","https://sunrisespices.in/blogs/holi-festival-sweets-and-special-dishes.html","Healthy","200","36.3",""
"History Of Litthi Chokha","https://sunrisespices.in/blogs/history-of-litthi-chokha.html","Healthy","200","82.69",""
"Amchur Powder Uses","https://sunrisespices.in/blogs/amchur-powder-uses.html","Healthy","200","41.27",""
"Dishes With Poppy Seeds","https://sunrisespices.in/blogs/dishes-with-poppy-seeds.html","Healthy","200","38.66",""
"Tips For Cooking Indian Spices","https://sunrisespices.in/blogs/tips-for-cooking-indian-spices.html","Healthy","200","20.36",""
"Dishes Using Pav Bhaji Masala","https://sunrisespices.in/blogs/dishes-using-pav-bhaji-masala.html","Healthy","200","37.83",""
"Kala Jeera Vs Cumin","https://sunrisespices.in/blogs/kala-jeera-vs-cumin.html","Healthy","200","59.42",""
"How To Use Methi Seeds In Recipes","https://sunrisespices.in/blogs/how-to-use-methi-seeds-in-recipes.html","Healthy","200","152.86",""
"8 Must Try Bihu Festival Food","https://sunrisespices.in/blogs/8-must-try-bihu-festival-food.html","Healthy","200","143.87",""
"Jaljeera Masala Summer Refreshment","https://sunrisespices.in/blogs/jaljeera-masala-summer-refreshment.html","Healthy","200","13.67",""
"Kitchen King Masala Ultimate Spice Blend","https://sunrisespices.in/blogs/kitchen-king-masala-ultimate-spice-blend.html","Healthy","200","50.26",""
"Meat Masala Uses","https://sunrisespices.in/blogs/meat-masala-uses.html","Healthy","200","49.29",""
"Black Pepper Vs White Pepper","https://sunrisespices.in/blogs/black-pepper-vs-white-pepper.html","Healthy","200","65.01",""
"Importance Of Chaat Masala","https://sunrisespices.in/blogs/importance-of-chaat-masala.html","Healthy","200","45.37",""
"Authentic Indian Spices","https://sunrisespices.in/blogs/authentic-indian-spices.html","Healthy","200","44.15",""
"Cardamom Cumin And Coriander The Three Cs Of Indian Spices","https://sunrisespices.in/blogs/cardamom-cumin-and-coriander-the-three-cs-of-indian-spices.html","Healthy","200","40.08",""
"Our Products","https://sunrisespices.in/our-products.html","Healthy","200","78.59",""
"Kashmiri Chilli Powder","https://sunrisespices.in/our-products/kashmiri-chilli-powder.html","Healthy","200","351.15",""
"Shukto Masala Powder","https://sunrisespices.in/our-products/shukto-masala-powder.html","Healthy","200","18.33",""
"Garam Masala","https://sunrisespices.in/our-products/garam-masala.html","Healthy","200","251.43",""
"Aloo Dum Masala","https://sunrisespices.in/our-products/aloo-dum-masala.html","Healthy","200","49.2",""
"Biryani Pulav Masala","https://sunrisespices.in/our-products/biryani-pulav-masala.html","Healthy","200","239.3",""
"Amchur Powder","https://sunrisespices.in/our-products/amchur-powder.html","Healthy","200","131.13",""
"Kitchen King Masala","https://sunrisespices.in/our-products/kitchen-king-masala.html","Healthy","200","56.82",""
"Ground Black Pepper","https://sunrisespices.in/our-products/ground-black-pepper.html","Healthy","200","26.55",""
"Chaat Masala","https://sunrisespices.in/our-products/chaat-masala.html","Healthy","200","55.1",""
"Coriander Powder","https://sunrisespices.in/our-products/coriander-powder.html","Healthy","200","83.72",""
"Chow Mix Masala","https://sunrisespices.in/our-products/chow-mix-masala.html","Healthy","200","351.65",""
"Paneer Butter Masala","https://sunrisespices.in/our-products/paneer-butter-masala.html","Healthy","200","64.08",""
"Chana Masala","https://sunrisespices.in/our-products/chana-masala.html","Healthy","200","155.43",""
"Whole Black Pepper","https://sunrisespices.in/our-products/whole-black-pepper.html","Healthy","200","145.05",""
"Jaljeera Masala","https://sunrisespices.in/our-products/jaljeera-masala.html","Healthy","200","64.64",""
"Ground Cumin","https://sunrisespices.in/our-products/ground-cumin.html","Healthy","200","274.96",""
"Chicken Curry Masala","https://sunrisespices.in/our-products/chicken-curry-masala.html","Healthy","200","30.39",""
"Jeera","https://sunrisespices.in/our-products/jeera.html","Healthy","200","237.72",""
"Kasuri Methi","https://sunrisespices.in/our-products/kasuri-methi.html","Healthy","200","326.4",""
"Macher Jhol Masala","https://sunrisespices.in/our-products/macher-jhol-masala.html","Healthy","200","71.13",""
"Masala Papad","https://sunrisespices.in/our-products/masala-papad.html","Healthy","200","35.99",""
"Meat Masala","https://sunrisespices.in/our-products/meat-masala.html","Healthy","200","141.4",""
"Whole Ajwain","https://sunrisespices.in/our-products/whole-ajwain.html","Healthy","200","39.07",""
"Whole Kala Jeera","https://sunrisespices.in/our-products/whole-kala-jeera.html","Healthy","200","395.8",""
"Pasta Masala","https://sunrisespices.in/our-products/pasta-masala.html","Healthy","200","57.47",""
"Pav Bhaji Masala","https://sunrisespices.in/our-products/pav-bhaji-masala.html","Healthy","200","252.15",""
"Plain Papad","https://sunrisespices.in/our-products/plain-papad.html","Healthy","200","364.74",""
"Powdered Mustard","https://sunrisespices.in/our-products/powdered-mustard.html","Healthy","200","18.69",""
"Whole Methi Seeds","https://sunrisespices.in/our-products/whole-methi-seeds.html","Healthy","200","53.97",""
"Punjabi Papad","https://sunrisespices.in/our-products/punjabi-papad.html","Healthy","200","263.42",""
"Red Chilli Powder","https://sunrisespices.in/our-products/red-chilli-powder.html","Healthy","200","146.38",""
"Whole Rai","https://sunrisespices.in/our-products/whole-rai.html","Healthy","200","247.35",""
"Whole Poppy Seeds","https://sunrisespices.in/our-products/whole-poppy-seeds.html","Healthy","200","118.98",""
"Whole Brown Mustard","https://sunrisespices.in/our-products/whole-brown-mustard.html","Healthy","200","57.95",""
"Red Chilli Flakes","https://sunrisespices.in/our-products/red-chilli-flakes.html","Healthy","200","50.81",""
"Tej Red Chilli Powder","https://sunrisespices.in/our-products/tej-red-chilli-powder.html","Healthy","200","52.81",""
"Turmeric Powder","https://sunrisespices.in/our-products/turmeric-powder.html","Healthy","200","54.92",""
"Egg Curry Masala","https://sunrisespices.in/our-products/egg-curry-masala.html","Healthy","200","330.82",""
"Haah Salkumura Masala","https://sunrisespices.in/our-products/haah-salkumura-masala.html","Healthy","200","98.49",""
"Magic Masala","https://sunrisespices.in/our-products/magic-masala.html","Healthy","200","231.43",""
"Sabji Masala","https://sunrisespices.in/our-products/sabji-masala.html","Healthy","200","353.6",""
"Sambar Masala","https://sunrisespices.in/our-products/sambar-masala.html","Healthy","200","228.51",""
"Shahi Garam Masala","https://sunrisespices.in/our-products/shahi-garam-masala.html","Healthy","200","25.47",""
"Shorshe Posto Powder","https://sunrisespices.in/our-products/shorshe-posto-powder.html","Healthy","200","47.45",""
"Tadka Masala","https://sunrisespices.in/our-products/tadka-masala.html","Healthy","200","14.37",""
"Tarkari Masala","https://sunrisespices.in/our-products/tarkari-masala.html","Healthy","200","438.52",""
"Panch Phoran","https://sunrisespices.in/our-products/panch-phoran.html","Healthy","200","387.72",""
"Saunf","https://sunrisespices.in/our-products/saunf.html","Healthy","200","49.16",""
"Hing","https://sunrisespices.in/our-products/hing.html","Healthy","200","233.37",""
"Clove","https://sunrisespices.in/our-products/clove.html","Healthy","200","384.78",""
"Radhuni","https://sunrisespices.in/our-products/radhuni.html","Healthy","200","18.47",""
"Sarso Yellow","https://sunrisespices.in/our-products/sarso-yellow.html","Healthy","200","57.76",""
"Chhoti Elaichi","https://sunrisespices.in/our-products/chhoti-elaichi.html","Healthy","200","232.07",""
"Recipe Collection","https://sunrisespices.in/recipe-collection.html","Healthy","200","51.32",""
"Aloo Paratha Recipe","https://sunrisespices.in/recipe-collection/aloo-paratha-recipe.html","Healthy","200","38.83",""
"Shahi Chicken Korma Recipe","https://sunrisespices.in/recipe-collection/shahi-chicken-korma-recipe.html","Healthy","200","145.65",""
"Bengali Bhetki Paturi Recipe","https://sunrisespices.in/recipe-collection/bengali-bhetki-paturi-recipe.html","Healthy","200","15.62",""
"Chicken Hakka Noodle Recipe","https://sunrisespices.in/recipe-collection/chicken-hakka-noodle-recipe.html","Healthy","200","40.91",""
"Chole Bhature Recipe","https://sunrisespices.in/recipe-collection/chole-bhature-recipe.html","Healthy","200","36.72",""
"Bhoger Khichuri Recipe","https://sunrisespices.in/recipe-collection/bhoger-khichuri-recipe.html","Healthy","200","425.78",""
"Fish Fry Recipe","https://sunrisespices.in/recipe-collection/fish-fry-recipe.html","Healthy","200","33.85",""
"Pepper Chicken Recipe","https://sunrisespices.in/recipe-collection/pepper-chicken-recipe.html","Healthy","200","49.26",""
"Vegetable Jalfrezi Recipe","https://sunrisespices.in/recipe-collection/vegetable-jalfrezi-recipe.html","Healthy","200","73.96",""
"Bengali Aloo Dum Recipe","https://sunrisespices.in/recipe-collection/bengali-aloo-dum-recipe.html","Healthy","200","37.19",""
"Kakrar Jhal Spicy Bengali Crab Curry With Mustard Zing","https://sunrisespices.in/recipe-collection/kakrar-jhal-spicy-bengali-crab-curry-with-mustard-zing.html","Healthy","200","37.81",""
"Crispy Fish Fry With A Twist Of Poppy Seeds Vermicelli And Semolina","https://sunrisespices.in/recipe-collection/crispy-fish-fry-with-a-twist-of-poppy-seeds-vermicelli-and-semolina.html","Healthy","200","35.45",""
"Leftover Dal Cheela Savoury Lentil Pancakes","https://sunrisespices.in/recipe-collection/leftover-dal-cheela-savoury-lentil-pancakes.html","Healthy","200","36.96",""
"Mutton Nuna Gosht Simplest Bengali Mutton Curry","https://sunrisespices.in/recipe-collection/mutton-nuna-gosht-simplest-bengali-mutton-curry.html","Healthy","200","37.37",""
"Crispy Fried Bhetki Fillets With Honey Mustard Sauce","https://sunrisespices.in/recipe-collection/crispy-fried-bhetki-fillets-with-honey-mustard-sauce.html","Healthy","200","42.27",""
"Crispy Prawn Toasts With Zesty Chilli Panko","https://sunrisespices.in/recipe-collection/crispy-prawn-toasts-with-zesty-chilli-panko.html","Healthy","200","39",""
"A Royal Mealtime Treasure Veg Mughlai Handi","https://sunrisespices.in/recipe-collection/a-royal-mealtime-treasure-veg-mughlai-handi.html","Healthy","200","51.42",""
"Veg Peel Kebab Recipe Veg Kebabs With Vegetable Peels","https://sunrisespices.in/recipe-collection/veg-peel-kebab-recipe-veg-kebabs-with-vegetable-peels.html","Healthy","200","33.79",""
"Zesty Chicken Honey Mustard Sandwich Recipe","https://sunrisespices.in/recipe-collection/zesty-chicken-honey-mustard-sandwich-recipe.html","Healthy","200","40.46",""
"Mustard Chilli Mayo Creamy Condiment For Every Snack","https://sunrisespices.in/recipe-collection/mustard-chilli-mayo-creamy-condiment-for-every-snack.html","Healthy","200","40.18",""
"Burani Raita Silky Curd With Crispy Garlic And Cumin","https://sunrisespices.in/recipe-collection/burani-raita-silky-curd-with-crispy-garlic-and-cumin.html","Healthy","200","41.71",""
"Zingy Tomato Jeera Salsa Recipe","https://sunrisespices.in/recipe-collection/zingy-tomato-jeera-salsa-recipe.html","Healthy","200","38.88",""
"Refreshing Mint Chutney With Amchur And Chaat Masala","https://sunrisespices.in/recipe-collection/refreshing-mint-chutney-with-amchur-and-chaat-masala.html","Healthy","200","74.95",""
"Fried Chicken Crispy Spicy Indian Style Recipe","https://sunrisespices.in/recipe-collection/fried-chicken-crispy-spicy-indian-style-recipe.html","Healthy","200","36.08",""
"Indian Snack Favourite Spiced Corn And Cheese Balls","https://sunrisespices.in/recipe-collection/indian-snack-favourite-spiced-corn-and-cheese-balls.html","Healthy","200","35.02",""
"Crispy Kurkuri Bhindi Recipe","https://sunrisespices.in/recipe-collection/crispy-kurkuri-bhindi-recipe.html","Healthy","200","35.42",""
"Tandoori Paneer Tikka On A Tawa","https://sunrisespices.in/recipe-collection/tandoori-paneer-tikka-on-a-tawa.html","Healthy","200","39.95",""
"Papri Chaat Recipe Street Food Classic","https://sunrisespices.in/recipe-collection/papri-chaat-recipe-street-food-classic.html","Healthy","200","39.84",""
"How To Make Creamy Paneer Korma With Onion Cashew Gravy","https://sunrisespices.in/recipe-collection/how-to-make-creamy-paneer-korma-with-onion-cashew-gravy.html","Healthy","200","45.8",""
"Easy Rozana Mutton Curry A Classic Bengali Mutton Dish","https://sunrisespices.in/recipe-collection/easy-rozana-mutton-curry-a-classic-bengali-mutton-dish.html","Healthy","200","36.8",""
"Pomfret Macher Jhal Aromatic Bengali Pomfret Curry","https://sunrisespices.in/recipe-collection/pomfret-macher-jhal-aromatic-bengali-pomfret-curry.html","Healthy","200","40.7",""
"Spiced Chicken Liver Saute With Onions And Tomatoes","https://sunrisespices.in/recipe-collection/spiced-chicken-liver-saute-with-onions-and-tomatoes.html","Healthy","200","40.21",""
"Soft Creamy Paneer In Onion Gravy With Whole Spices","https://sunrisespices.in/recipe-collection/soft-creamy-paneer-in-onion-gravy-with-whole-spices.html","Healthy","200","40.36",""
"Bengali Doodh Potol Creamy Potol In A Spiced Milk Gravy","https://sunrisespices.in/recipe-collection/bengali-doodh-potol-creamy-potol-in-a-spiced-milk-gravy.html","Healthy","200","277.67",""
"Masaledar Aloo Chatka Quick And Spicy Potato Stir Fry","https://sunrisespices.in/recipe-collection/masaledar-aloo-chatka-quick-and-spicy-potato-stir-fry.html","Healthy","200","55.64",""
"Zero Oil Chicken Paneer Kofta Healthy Mughlai Meatball","https://sunrisespices.in/recipe-collection/zero-oil-chicken-paneer-kofta-healthy-mughlai-meatball.html","Healthy","200","42",""
"Niramish Chhanar Kalia Paneer Koftas In Pure Veg Gravy","https://sunrisespices.in/recipe-collection/niramish-chhanar-kalia-paneer-koftas-in-pure-veg-gravy.html","Healthy","200","53.69",""
"Crispy Vermicelli Coated Potato Nest With Paneer Eggs","https://sunrisespices.in/recipe-collection/crispy-vermicelli-coated-potato-nest-with-paneer-eggs.html","Healthy","200","45.5",""
"Dum Pukht Mutton Bhuna Masala Spicy Smoked Mutton Gravy","https://sunrisespices.in/recipe-collection/dum-pukht-mutton-bhuna-masala-spicy-smoked-mutton-gravy.html","Healthy","200","45.65",""
"Hariyali Chicken Tikka Recipe Chicken In Spinach Parcel","https://sunrisespices.in/recipe-collection/hariyali-chicken-tikka-recipe-chicken-in-spinach-parcel.html","Healthy","200","39.19",""
"Authentic Assamese Mati Dali Khar Recipe","https://sunrisespices.in/recipe-collection/authentic-assamese-mati-dali-khar-recipe.html","Healthy","200","44.66",""
"Authentic Assamese Recipe Posola Chicken","https://sunrisespices.in/recipe-collection/authentic-assamese-recipe-posola-chicken.html","Healthy","200","49.21",""
"Soya Kebab Recipe Protein Rich Veg Seekh Kebabs","https://sunrisespices.in/recipe-collection/soya-kebab-recipe-protein-rich-veg-seekh-kebabs.html","Healthy","200","47.24",""
"Potato 65 Crispy Spicy South Indian Snack","https://sunrisespices.in/recipe-collection/potato-65-crispy-spicy-south-indian-snack.html","Healthy","200","43.82",""
"Authentic Paneer Makhani Recipe In Rich Tomato Gravy","https://sunrisespices.in/recipe-collection/authentic-paneer-makhani-recipe-in-rich-tomato-gravy.html","Healthy","200","45.61",""
"Masala Peanut Salad Recipe Protein Rich Salad","https://sunrisespices.in/recipe-collection/masala-peanut-salad-recipe-protein-rich-salad.html","Healthy","200","45.95",""
"Tomato Dates Chutney Sweet Tangy Bengali Relish","https://sunrisespices.in/recipe-collection/tomato-dates-chutney-sweet-tangy-bengali-relish.html","Healthy","200","42.11",""
"Authentic Kolkata Style Chicken Rezala Recipe","https://sunrisespices.in/recipe-collection/authentic-kolkata-style-chicken-rezala-recipe.html","Healthy","200","42.94",""
"Navratan Korma Rich Creamy 9 Gem Vegetarian Curry","https://sunrisespices.in/recipe-collection/navratan-korma-rich-creamy-9-gem-vegetarian-curry.html","Healthy","200","40.05",""
"Mutton Kosha Recipe Tender Mutton In A Rich Gravy","https://sunrisespices.in/recipe-collection/mutton-kosha-recipe-tender-mutton-in-a-rich-gravy.html","Healthy","200","40.52",""
"Niramish Dim Recipe Potato Eggs In Spicy Tomato Gravy","https://sunrisespices.in/recipe-collection/niramish-dim-recipe-potato-eggs-in-spicy-tomato-gravy.html","Healthy","200","39.54",""
"Motiwali Dal With Paneer Kofta Bengali Dal With Cheese Balls","https://sunrisespices.in/recipe-collection/motiwali-dal-with-paneer-kofta-bengali-dal-with-cheese-balls.html","Healthy","200","127.04",""
"Crispy Prawn Lollipops Fried Whole Prawn Balls","https://sunrisespices.in/recipe-collection/crispy-prawn-lollipops-fried-whole-prawn-balls.html","Healthy","200","59.01",""
"Paneer Pasinda Stuffed Paneer Pockets In A Nutty Curd Gravy","https://sunrisespices.in/recipe-collection/paneer-pasinda-stuffed-paneer-pockets-in-a-nutty-curd-gravy.html","Healthy","200","192.89",""
"Black Pepper Chicken","https://sunrisespices.in/recipe-collection/black-pepper-chicken.html","Healthy","200","40.45",""
"Chatpata Chalistani","https://sunrisespices.in/recipe-collection/chatpata-chalistani.html","Healthy","200","50.85",""
"Karela Peas Momo With Tomato Soup And Coriander Sauce","https://sunrisespices.in/recipe-collection/karela-peas-momo-with-tomato-soup-and-coriander-sauce.html","Healthy","200","39.83",""
"Crispy Tangy Delectable Indian Style Orange Chicken","https://sunrisespices.in/recipe-collection/crispy-tangy-delectable-indian-style-orange-chicken.html","Healthy","200","39.82",""
"Echor Chingrir Shahi Kofta Curry","https://sunrisespices.in/recipe-collection/echor-chingrir-shahi-kofta-curry.html","Healthy","200","40.08",""
"Machher Madhukheera Creamy Bengali Style Rohu Curry","https://sunrisespices.in/recipe-collection/machher-madhukheera--creamy-bengali-style-rohu-curry.html","Healthy","200","40.98",""
"Chicken Kadam Steamed Chicken Meatball Coated With Rice","https://sunrisespices.in/recipe-collection/chicken-kadam-steamed-chicken-meatball-coated-with-rice.html","Healthy","200","70.58",""
"Cheese Stuffed Chicken Koftas In Tangy Creamy Gravy","https://sunrisespices.in/recipe-collection/cheese-stuffed-chicken-koftas-in-tangy--creamy-gravy.html","Healthy","200","112.88",""
"Golden Veg Nargisi Koftas I Thick Tomato Cashew Sauce","https://sunrisespices.in/recipe-collection/golden-veg-nargisi-koftas-i-thick-tomato-cashew-sauce.html","Healthy","200","40.31",""
"Chingri Bodhua Prawns With Coconut Gravy Served On Cabbage Leaves","https://sunrisespices.in/recipe-collection/chingri-bodhua-prawns-with-coconut-gravy-served-on-cabbage-leaves.html","Healthy","200","33.63",""
"Murg E Khaas Creamy And Nutty Rajasthani Chicken Curry","https://sunrisespices.in/recipe-collection/murg-e-khaas-creamy-and-nutty-rajasthani-chicken-curry.html","Healthy","200","44.37",""
"Jhaal Narkel Chingri Prawns In A Spicy Coconut Curry","https://sunrisespices.in/recipe-collection/jhaal-narkel-chingri-prawns-in-a-spicy-coconut-curry.html","Healthy","200","40.45",""
"Butter Paneer Masala Paneer In Spiced Tomato Gravy","https://sunrisespices.in/recipe-collection/butter-paneer-masala-paneer-in-spiced-tomato-gravy.html","Healthy","200","41.39",""
"Bengali Chhaddabeshi Kalia Soybean Fish Curry Recipe","https://sunrisespices.in/recipe-collection/bengali-chhaddabeshi-kalia-soybean-fish-curry-recipe.html","Healthy","200","42.13",""
"Badhakopir Chaap Cabbage Fritters In Rich Cashew Gravy","https://sunrisespices.in/recipe-collection/badhakopir-chaap-cabbage-fritters-in-rich-cashew-gravy.html","Healthy","200","43.4",""
"Aloo Potol Chingri Dom Prawn Curry With Potol And Aloo","https://sunrisespices.in/recipe-collection/aloo-potol-chingri-dom-prawn-curry-with-potol-and-aloo.html","Healthy","200","45.17",""
"Chicken Muitha Succulent Bengali Chicken Kofta Curry","https://sunrisespices.in/recipe-collection/chicken-muitha-succulent-bengali-chicken-kofta-curry.html","Healthy","200","45.59",""
"Bengali Kochur Lotir Jhaal With Mustard And Coconut","https://sunrisespices.in/recipe-collection/bengali-kochur-lotir-jhaal-with-mustard-and-coconut.html","Healthy","200","45.62",""
"Bhetki Maachher Patisapta Fish Rolled In Thin Crepes","https://sunrisespices.in/recipe-collection/bhetki-maachher-patisapta-fish-rolled-in-thin-crepes.html","Healthy","200","45.38",""
"Bengali Thorer Bora Crispy Banana Stem Fritters","https://sunrisespices.in/recipe-collection/bengali-thorer-bora-crispy-banana-stem-fritters.html","Healthy","200","45.38",""
"Bengali Fish Biryani Fragrant Rice Fried Fish","https://sunrisespices.in/recipe-collection/bengali-fish-biryani-fragrant-rice-fried-fish.html","Healthy","200","40.84",""
"Cholar Dal Fragrant Split Bengal Gram With Coconut","https://sunrisespices.in/recipe-collection/cholar-dal-fragrant-split-bengal-gram-with-coconut.html","Healthy","200","40.07",""
"Bengali Begun Bhaja Crispy Fried Aubergine Slices","https://sunrisespices.in/recipe-collection/bengali-begun-bhaja-crispy-fried-aubergine-slices.html","Healthy","200","41.81",""
"Masala Potato Sandwich Recipe Tangy Indian Starter","https://sunrisespices.in/recipe-collection/masala-potato-sandwich-recipe-tangy-indian-starter.html","Healthy","200","45.94",""
"Chicken Kathi Roll A Wholesome Kolkata Wrap","https://sunrisespices.in/recipe-collection/chicken-kathi-roll-a-wholesome-kolkata-wrap.html","Healthy","200","48.5",""
"Masor Tenga Assamese Tangy Fish Curry Recipe","https://sunrisespices.in/recipe-collection/masor-tenga-assamese-tangy-fish-curry-recipe.html","Healthy","200","28.13",""
"Kerala Style Kappa Tapioca Chicken Curry","https://sunrisespices.in/recipe-collection/kerala-style-kappa-tapioca-chicken-curry.html","Healthy","200","48.94",""
"Easy Crisp Spiced Masala Potato Wedges Recipe","https://sunrisespices.in/recipe-collection/easy-crisp-spiced-masala-potato-wedges-recipe.html","Healthy","200","48.72",""
"Kashmiri Dum Aloo Paneer Filled Potatoes In Rich Gravy","https://sunrisespices.in/recipe-collection/kashmiri-dum-aloo-paneer-filled-potatoes-in-rich-gravy.html","Healthy","200","51.01",""
"Mutton Rara Mutton Pieces With Mutton Keema","https://sunrisespices.in/recipe-collection/mutton-rara-mutton-pieces-with-mutton-keema.html","Healthy","200","46.9",""
"Achaari Mutton Mutton With Homemade Achari Flavour","https://sunrisespices.in/recipe-collection/achaari-mutton-mutton-with-homemade-achari-flavour.html","Healthy","200","61.34",""
"Paneer Fulkopir Roast With Coconut And Cashew Gravy","https://sunrisespices.in/recipe-collection/paneer-fulkopir-roast-with-coconut-and-cashew-gravy.html","Healthy","200","98.95",""
"Ilish Lebur Ullash Tangy Spiced Hilsa Fish Curry","https://sunrisespices.in/recipe-collection/ilish-lebur-ullash-tangy-spiced-hilsa-fish-curry.html","Healthy","200","187.72",""
"Soyabean Malaikari Coconut Creamy Soyabean Malai Curry","https://sunrisespices.in/recipe-collection/soyabean-malaikari-coconut-creamy-soyabean-malai-curry.html","Healthy","200","44.31",""
"Doi Posto Katla Bengali Catfish In Curd Mustard Gravy","https://sunrisespices.in/recipe-collection/doi-posto-katla-bengali-catfish-in-curd-mustard-gravy.html","Healthy","200","48.94",""
"Chicken Seekh Malai Chicken Seekh Kebab In Malai Sauce","https://sunrisespices.in/recipe-collection/chicken-seekh-malai-chicken-seekh-kebab-in-malai-sauce.html","Healthy","200","48.6",""
"How To Make Oven Baked Cheesy Chicken Veggies Fusion","https://sunrisespices.in/recipe-collection/how-to-make-oven-baked-cheesy-chicken-veggies-fusion.html","Healthy","200","50.05",""
"Chingrir Malaikari Bengali Prawns In Creamy Curry","https://sunrisespices.in/recipe-collection/chingrir-malaikari-bengali-prawns-in-creamy-curry.html","Healthy","200","43.98",""
"Chicken Maharani Royal Chicken Curry In Creamy Sauce","https://sunrisespices.in/recipe-collection/chicken-maharani-royal-chicken-curry-in-creamy-sauce.html","Healthy","200","64.31",""
"Easy Dhania Mushroom Recipe For A Quick And Easy Meal","https://sunrisespices.in/recipe-collection/easy-dhania-mushroom-recipe-for-a-quick-and-easy-meal.html","Healthy","200","55.8",""
"Prawn Pulao Recipe Fragrant Rice With Tender Prawns","https://sunrisespices.in/recipe-collection/prawn-pulao-recipe-fragrant-rice-with-tender-prawns.html","Healthy","200","52.49",""
"Shahi Katlar Kalia Recipe Bengali Fried Fish With Gravy","https://sunrisespices.in/recipe-collection/shahi-katlar-kalia-recipe-bengali-fried-fish-with-gravy.html","Healthy","200","53.09",""
"Kadhai Murgh Recipe Chicken Simmered In Spiced Gravy","https://sunrisespices.in/recipe-collection/kadhai-murgh-recipe-chicken-simmered-in-spiced-gravy.html","Healthy","200","48.82",""
"Kaleja Matar Masala Liver And Peas In Aromatic Gravy","https://sunrisespices.in/recipe-collection/kaleja-matar-masala-liver-and-peas-in-aromatic-gravy.html","Healthy","200","45.15",""
"Fruit Basket Recipe Healthy Snacks Recipe","https://sunrisespices.in/recipe-collection/fruit-basket-recipe-healthy-snacks-recipe.html","Healthy","200","40.9",""
"Dhania Aloo Dum Baby Potatoes Infused With Coriander","https://sunrisespices.in/recipe-collection/dhania-aloo-dum-baby-potatoes-infused-with-coriander.html","Healthy","200","39.66",""
"Pan Fried Bengali Style Fish With Carom Seeds","https://sunrisespices.in/recipe-collection/pan-fried-bengali-style-fish-with-carom-seeds.html","Healthy","200","39.54",""
"Gobi Matar Tehri Flavoursome Vegetable Rice Medley","https://sunrisespices.in/recipe-collection/gobi-matar-tehri-flavoursome-vegetable-rice-medley.html","Healthy","200","39.86",""
"Salli Jardaloo Murgh Parsi Style Chicken With Apricots","https://sunrisespices.in/recipe-collection/salli-jardaloo-murgh-parsi-style-chicken-with-apricots.html","Healthy","200","37.54",""
"Batter Fried Bhetki Fish Bengali Biyebari Style","https://sunrisespices.in/recipe-collection/batter-fried-bhetki-fish-bengali-biyebari-style.html","Healthy","200","37.78",""
"Paneer Kismis Korma Recipe Raisin Paneer Curry","https://sunrisespices.in/recipe-collection/paneer-kismis-korma-recipe-raisin-paneer-curry.html","Healthy","200","36.79",""
"Tomato Dhonepata Rui A Tangy Bengali Fish Curry","https://sunrisespices.in/recipe-collection/tomato-dhonepata-rui-a-tangy-bengali-fish-curry.html","Healthy","200","36.4",""
"Begun Bahar Roasted Eggplant Delight","https://sunrisespices.in/recipe-collection/begun-bahar-roasted-eggplant-delight.html","Healthy","200","61.52",""
"Thai Street Noodles Spicy Stir Fried Noodle Recipe","https://sunrisespices.in/recipe-collection/thai-street-noodles-spicy-stir-fried-noodle-recipe.html","Healthy","200","48.05",""
"Shorshe Posto Murgi Recipe Bengali Style Chicken Curry","https://sunrisespices.in/recipe-collection/shorshe-posto-murgi-recipe-bengali-style-chicken-curry.html","Healthy","200","50.07",""
"Anarosh Ilish A Bengali Dish With Hilsa Pineapple","https://sunrisespices.in/recipe-collection/anarosh-ilish-a-bengali-dish-with-hilsa-pineapple.html","Healthy","200","39.65",""
"Chatpata Dum Aloo Recipe Spicy Saucy Baby Potatoes","https://sunrisespices.in/recipe-collection/chatpata-dum-aloo-recipe-spicy-saucy-baby-potatoes.html","Healthy","200","43.87",""
"Ilish Tel Jhal Recipe Authentic Bengali Hilsa Fish Curry","https://sunrisespices.in/recipe-collection/ilish-tel-jhal-recipe-authentic-bengali-hilsa-fish-curry.html","Healthy","200","48.23",""
"Methi Murgh Recipe Aromatic Punjabi Chicken Curry","https://sunrisespices.in/recipe-collection/methi-murgh-recipe-aromatic-punjabi-chicken-curry.html","Healthy","200","45.1",""
"Tawa Sabji Spicy Veg Stir Fry In A Tomato Onion Gravy","https://sunrisespices.in/recipe-collection/tawa-sabji-spicy-veg-stir-fry-in-a-tomato-onion-gravy.html","Healthy","200","38.33",""
"Paneer Matar Pav Bhaji North Indian Street Food Snack","https://sunrisespices.in/recipe-collection/paneer-matar-pav-bhaji-north-indian-street-food-snack.html","Healthy","200","46.76",""
"Bengali Style Prawns In Mustard Coconut Gravy","https://sunrisespices.in/recipe-collection/bengali-style-prawns-in-mustard-coconut-gravy.html","Healthy","200","316.56",""
"Lahori Murg Curry Spicy Chicken In Creamy Cashew Gravy","https://sunrisespices.in/recipe-collection/lahori-murg-curry-spicy-chicken-in-creamy-cashew-gravy.html","Healthy","200","40.68",""
"Classic Chitol Muitthya In Spiced Bengali Style Gravy","https://sunrisespices.in/recipe-collection/classic-chitol-muitthya-in-spiced-bengali-style-gravy.html","Healthy","200","41.58",""
"Hariye Jawa Chhanar Paturi Bengali Style Chhana Parcel","https://sunrisespices.in/recipe-collection/hariye-jawa-chhanar-paturi-bengali-style-chhana-parcel.html","Healthy","200","42.43",""
"Spicy Creamy Bahari Paneer Recipe With Peppers And Nuts","https://sunrisespices.in/recipe-collection/spicy-creamy-bahari-paneer-recipe-with-peppers-and-nuts.html","Healthy","200","47.83",""
"Egg In A Hole Chicken Sausage Chicken Sausage With Egg","https://sunrisespices.in/recipe-collection/egg-in-a-hole-chicken-sausage-chicken-sausage-with-egg.html","Healthy","200","209.48",""
"Kochu Chingri Kofta Curry Prawns In Creamy Gravy","https://sunrisespices.in/recipe-collection/kochu-chingri-kofta-curry-prawns-in-creamy-gravy.html","Healthy","200","77.25",""
"Hot And Sweet Katla A Sweet N Spicy Bengali Speciality","https://sunrisespices.in/recipe-collection/hot-and-sweet-katla-a-sweet-n-spicy-bengali-speciality.html","Healthy","200","42.94",""
"Krishnokoli Rui Rohu In Cauliflower Leaf Jeera Gravy","https://sunrisespices.in/recipe-collection/krishnokoli-rui-rohu-in-cauliflower-leaf-jeera-gravy.html","Healthy","200","38.55",""
"Kakrar Malaikari Rich Crab Curry In Coconut Milk Gravy","https://sunrisespices.in/recipe-collection/kakrar-malaikari-rich-crab-curry-in-coconut-milk-gravy.html","Healthy","200","48.2",""
"Reshmi Shahzadi Paneer Creamy Koftas In Rich Gravy","https://sunrisespices.in/recipe-collection/reshmi-shahzadi-paneer-creamy-koftas-in-rich-gravy.html","Healthy","200","84.81",""
"Moong Fulkopir Dhoka Traditional Dhoka In Spiced Curry","https://sunrisespices.in/recipe-collection/moong-fulkopir-dhoka-traditional-dhoka-in-spiced-curry.html","Healthy","200","37.72",""
"Bengali Tiger Prawns In A Vibrant And Creamy Gravy","https://sunrisespices.in/recipe-collection/bengali-tiger-prawns-in-a-vibrant-and-creamy-gravy.html","Healthy","200","39.57",""
"Classic Kolkata Style Egg Biryani With Fried Potatoes","https://sunrisespices.in/recipe-collection/classic-kolkata-style-egg-biryani-with-fried-potatoes.html","Healthy","200","48.1",""
"How To Make Bengali Style Chicken Curry Recipe","https://sunrisespices.in/recipe-collection/how-to-make-bengali-style-chicken-curry-recipe.html","Healthy","200","48.67",""
"Sabji Masala Curry Bengali Style Mixed Veggies Recipe","https://sunrisespices.in/recipe-collection/sabji-masala-curry-bengali-style-mixed-veggies-recipe.html","Healthy","200","49.75",""
"Lasauni Fish Tikka Masala Fish In Creamy Garlic Sauce","https://sunrisespices.in/recipe-collection/lasauni-fish-tikka-masala-fish-in-creamy-garlic-sauce.html","Healthy","200","92.06",""
"Aloo Chingri Bengali Style Prawns With Masala Potatoes","https://sunrisespices.in/recipe-collection/aloo-chingri-bengali-style-prawns-with-masala-potatoes.html","Healthy","200","77.53",""
"Egg Lababdar Mughlai Style Creamy Egg Curry","https://sunrisespices.in/recipe-collection/egg-lababdar-mughlai-style-creamy-egg-curry.html","Healthy","200","18.6",""
"Homemade Dabeli Spicy Potato And Peanut Stuffed Pav","https://sunrisespices.in/recipe-collection/homemade-dabeli-spicy-potato-and-peanut-stuffed-pav.html","Healthy","200","38.72",""
"Authentic Bengali Shukto Recipe With Mixed Vegetables","https://sunrisespices.in/recipe-collection/authentic-bengali-shukto-recipe-with-mixed-vegetables.html","Healthy","200","24.61",""
"Spicy Mangsher Bhuna Classic Bengali Mutton Curry","https://sunrisespices.in/recipe-collection/spicy-mangsher-bhuna-classic-bengali-mutton-curry.html","Healthy","200","36.45",""
"Tender Fish Galawti Kebabs Cooked On Tawa","https://sunrisespices.in/recipe-collection/tender-fish-galawti-kebabs-cooked-on-tawa.html","Healthy","200","40.98",""
"Healthy Nutrients Packed Palak Chicken Steam Kebab","https://sunrisespices.in/recipe-collection/healthy-nutrients-packed-palak-chicken-steam-kebab.html","Healthy","200","35.73",""
"Highway Anda Tadka Recipe A Spicy Egg Topped Lentil Stew","https://sunrisespices.in/recipe-collection/highway-anda-tadka-recipe-a-spicy-egg-topped-lentil-stew.html","Healthy","200","43.44",""
"Mochar Paturi Authentic Bengali Banana Blossom Parcels","https://sunrisespices.in/recipe-collection/mochar-paturi-authentic-bengali-banana-blossom-parcels.html","Healthy","200","43.5",""
"Bhangachora Shukto Recipe Bengali Fish Head Stew","https://sunrisespices.in/recipe-collection/bhangachora-shukto-recipe-bengali-fish-head-stew.html","Healthy","200","38.93",""
"Mahi Amritsari Recipe Crispy Deep Fried Fish Fillet","https://sunrisespices.in/recipe-collection/mahi-amritsari-recipe-crispy-deep-fried-fish-fillet.html","Healthy","200","84.29",""
"Tok Mishti Murgir Korma Sweet Tangy Bengali Recipe","https://sunrisespices.in/recipe-collection/tok-mishti-murgir-korma-sweet-tangy-bengali-recipe.html","Healthy","200","39.82",""
"Amritsari Chicken Curry Recipe With Black Pepper Kick","https://sunrisespices.in/recipe-collection/amritsari-chicken-curry-recipe-with-black-pepper-kick.html","Healthy","200","41.56",""
"Tiger Prawns In Coconut Mustard Narkel Shorshe Curry","https://sunrisespices.in/recipe-collection/tiger-prawns-in-coconut-mustard-narkel-shorshe-curry.html","Healthy","200","68.65",""
"Chicken Dak Bungalow Recipe Colonial Chicken Curry","https://sunrisespices.in/recipe-collection/chicken-dak-bungalow-recipe-colonial-chicken-curry.html","Healthy","200","33.42",""
"Pabda Surobhi Recipe Bengali Fish Curry With Mustard Burst","https://sunrisespices.in/recipe-collection/pabda-surobhi-recipe-bengali-fish-curry-with-mustard-burst.html","Healthy","200","60.65",""
"Mutton Bhuna Tender Goat Meat Slow Cooked In Spices","https://sunrisespices.in/recipe-collection/mutton-bhuna-tender-goat-meat-slow-cooked-in-spices.html","Healthy","200","58.73",""
"Goyna Aloor Dum Decorative Bengali Dum Aloo","https://sunrisespices.in/recipe-collection/goyna-aloor-dum-decorative-bengali-dum-aloo.html","Healthy","200","51.13",""
"Corn Malai Mushroom Corn Mushroom Gravy With Popcorn","https://sunrisespices.in/recipe-collection/corn-malai-mushroom-corn-mushroom-gravy-with-popcorn.html","Healthy","200","47.56",""
"Capsi Corn Creamy Sweet Corn Capsicum Masala Recipe","https://sunrisespices.in/recipe-collection/capsi-corn-creamy-sweet-corn-capsicum-masala-recipe.html","Healthy","200","57.13",""
"Matar Paneer Recipe Green Peas And Paneer Curry","https://sunrisespices.in/recipe-collection/matar-paneer-recipe-green-peas-and-paneer-curry.html","Healthy","200","48.31",""
"Begum Pulao Rich Rice Pulao With Paneer And Beetroot","https://sunrisespices.in/recipe-collection/begum-pulao-rich-rice-pulao-with-paneer-and-beetroot.html","Healthy","200","47.3",""
"How To Make Boyal Fish And Banana Stem Stir Fry","https://sunrisespices.in/recipe-collection/how-to-make-boyal-fish-and-banana-stem-stir-fry.html","Healthy","200","75.48",""
"Bandhakopir Shahi Korma Cabbage In Rich Mughlai Gravy","https://sunrisespices.in/recipe-collection/bandhakopir-shahi-korma-cabbage-in-rich-mughlai-gravy.html","Healthy","200","42.75",""
"Bengali Rosogolla Korma Soft Rosogollas In Creamy Gravy","https://sunrisespices.in/recipe-collection/bengali-rosogolla-korma-soft-rosogollas-in-creamy-gravy.html","Healthy","200","41.64",""
"Tangra Machher Dopiyaza Bengali Fish Curry With Onions","https://sunrisespices.in/recipe-collection/tangra-machher-dopiyaza-bengali-fish-curry-with-onions.html","Healthy","200","41.07",""
"Keema Chola Mutton Chana Masala Delight","https://sunrisespices.in/recipe-collection/keema-chola-mutton-chana-masala-delight.html","Healthy","200","45",""
"Sheemer Bharta Classic Bengali Broad Bean Mash Recipe","https://sunrisespices.in/recipe-collection/sheemer-bharta-classic-bengali-broad-bean-mash-recipe.html","Healthy","200","38.67",""
"Mutton Keema Rara Spiced Minced Mutton Curry","https://sunrisespices.in/recipe-collection/mutton-keema-rara-spiced-minced-mutton-curry.html","Healthy","200","45.34",""
"Homestyle Paneer Tikka Quick Spicy Paneer Tikka Recipe","https://sunrisespices.in/recipe-collection/homestyle-paneer-tikka-quick-spicy-paneer-tikka-recipe.html","Healthy","200","17.55",""
"Rich Masoor Dal Made With Keema And Traditional Spices","https://sunrisespices.in/recipe-collection/rich-masoor-dal-made-with-keema-and-traditional-spices.html","Healthy","200","42.37",""
"Aar Machher Jhol Traditional Spiced Bengali Fish Curry","https://sunrisespices.in/recipe-collection/aar-machher-jhol-traditional-spiced-bengali-fish-curry.html","Healthy","200","42.33",""
"Morola Lau Datar Chocchori Morola With Lau Saag Data","https://sunrisespices.in/recipe-collection/morola-lau-datar-chocchori-morola-with-lau-saag-data.html","Healthy","200","49.08",""
"Takeaway Style Chili Gobi Classic Indo Chinese Side","https://sunrisespices.in/recipe-collection/takeaway-style-chili-gobi-classic-indo-chinese-side.html","Healthy","200","43.98",""
"Spiced Capsicum And Potatoes In Butter","https://sunrisespices.in/recipe-collection/spiced-capsicum-and-potatoes-in-butter.html","Healthy","200","46.46",""
"Classic Fragrant Bengali Gondhoraj Pulao With Prawns","https://sunrisespices.in/recipe-collection/classic-fragrant-bengali-gondhoraj-pulao-with-prawns.html","Healthy","200","43.8",""
"Bengali Sweet Potato Fried Rice With Cherries Recipe","https://sunrisespices.in/recipe-collection/bengali-sweet-potato-fried-rice-with-cherries-recipe.html","Healthy","200","41.16",""
"Schezwan Echor Kofta A Decadent Bengali Chinese Fusion","https://sunrisespices.in/recipe-collection/schezwan-echor-kofta-a-decadent-bengali-chinese-fusion.html","Healthy","200","43",""
"Vegetable Tikki Butter Masala Veggie Patties In Gravy","https://sunrisespices.in/recipe-collection/vegetable-tikki-butter-masala-veggie-patties-in-gravy.html","Healthy","200","73.24",""
"Pabda Fish In A Fragrant Tangy Spiced Radhuni Curry","https://sunrisespices.in/recipe-collection/pabda-fish-in-a-fragrant-tangy-spiced-radhuni-curry.html","Healthy","200","64.98",""
"Crispy Koi Fish In White Sesame And Mustard Gravy","https://sunrisespices.in/recipe-collection/crispy-koi-fish-in-white-sesame-and-mustard-gravy.html","Healthy","200","69.95",""
"Masala Egg Poach Spiced Egg Poach In An Onion Gravy","https://sunrisespices.in/recipe-collection/masala-egg-poach-spiced-egg-poach-in-an-onion-gravy.html","Healthy","200","53.38",""
"Bangla Dhonepata Murgi Chicken In Coriander Mint Gravy","https://sunrisespices.in/recipe-collection/bangla-dhonepata-murgi-chicken-in-coriander-mint-gravy.html","Healthy","200","110.67",""
"Laal Shaaker Tikka Recipe Crispy Red Amaranth Patties","https://sunrisespices.in/recipe-collection/laal-shaaker-tikka-recipe-crispy-red-amaranth-patties.html","Healthy","200","87.8",""
"Chana Murg Bharta Chickpeas With Minced Chicken And Duck Eggs Recipe","https://sunrisespices.in/recipe-collection/chana-murg-bharta-chickpeas-with-minced-chicken-and-duck-eggs-recipe.html","Healthy","200","77.06",""
"Authentic Bengali Dim Basonti Recipe Spicy Egg Curry","https://sunrisespices.in/recipe-collection/authentic-bengali-dim-basonti-recipe-spicy-egg-curry.html","Healthy","200","84.2",""
"Creamy Cottage Cheese Delight Paneer Madhuri Recipe","https://sunrisespices.in/recipe-collection/creamy-cottage-cheese-delight-paneer-madhuri-recipe.html","Healthy","200","72.91",""
"Bhetki Gondhoraj Jhol Bengali Fish Curry Recipe","https://sunrisespices.in/recipe-collection/bhetki-gondhoraj-jhol-bengali-fish-curry-recipe.html","Healthy","200","76.2",""
"Lal Mirch Mangsho Spicy Bengali Mutton Curry Recipe","https://sunrisespices.in/recipe-collection/lal-mirch-mangsho-spicy-bengali-mutton-curry-recipe.html","Healthy","200","72.38",""
"Hariyali Dum Aloo Spinach Mint Potato Curry Recipe","https://sunrisespices.in/recipe-collection/hariyali-dum-aloo-spinach-mint-potato-curry-recipe.html","Healthy","200","73.15",""
"Bhai Phota Special Paneer Festive Milky Paneer Delight","https://sunrisespices.in/recipe-collection/bhai-phota-special-paneer-festive-milky-paneer-delight.html","Healthy","200","90.17",""
"Gondhoraj Katla Bhapa Steamed Katla In A Mustard Gravy","https://sunrisespices.in/recipe-collection/gondhoraj-katla-bhapa-steamed-katla-in-a-mustard-gravy.html","Healthy","200","78.79",""
"Kaancha Kumror Bharta Spiced Mashed Green Pumpkin","https://sunrisespices.in/recipe-collection/kaancha-kumror-bharta-spiced-mashed-green-pumpkin.html","Healthy","200","72.49",""
"Bengali Daab Rui Rui Fish In Tender Coconut Gravy","https://sunrisespices.in/recipe-collection/bengali-daab-rui-rui-fish-in-tender-coconut-gravy.html","Healthy","200","51.34",""
"Mochar Chop Classic Bengali Banana Flower Croquettes","https://sunrisespices.in/recipe-collection/mochar-chop-classic-bengali-banana-flower-croquettes.html","Healthy","200","48.95",""
"Crispy Beetroot Golla Snack Balls With Paneer Stuffing","https://sunrisespices.in/recipe-collection/crispy-beetroot-golla-snack-balls-with-paneer-stuffing.html","Healthy","200","49.12",""
"Bengali Chingrir Paturi Prawns In Banana Leaf Wrap","https://sunrisespices.in/recipe-collection/bengali-chingrir-paturi-prawns-in-banana-leaf-wrap.html","Healthy","200","51.11",""
"Paneer Darbari Soft Paneer In Creamy Gravy","https://sunrisespices.in/recipe-collection/paneer-darbari-soft-paneer-in-creamy-gravy.html","Healthy","200","36.59",""
"Delicious Spice Crusted Ghee Roast Chicken Recipe","https://sunrisespices.in/recipe-collection/delicious-spice-crusted-ghee-roast-chicken-recipe.html","Healthy","200","75.27",""
"Bengali Style Spicy Chicken Vindaloo Recipe","https://sunrisespices.in/recipe-collection/bengali-style-spicy-chicken-vindaloo-recipe.html","Healthy","200","35.12",""
"Zero Oil Mutton Kulambu Mutton Pieces In Coconut Gravy","https://sunrisespices.in/recipe-collection/zero-oil-mutton-kulambu-mutton-pieces-in-coconut-gravy.html","Healthy","200","34.16",""
"Bengali Chicken Sabekiyana Spice Infused Chicken Curry","https://sunrisespices.in/recipe-collection/bengali-chicken-sabekiyana-spice-infused-chicken-curry.html","Healthy","200","35.96",""
"Lau Er Kofta Curry Paneer Stuffed Lauki Kofta Curry","https://sunrisespices.in/recipe-collection/lau-er-kofta-curry-paneer-stuffed-lauki-kofta-curry.html","Healthy","200","41.32",""
"Classic Palak Chicken Creamy Spinach Chicken Curry","https://sunrisespices.in/recipe-collection/classic-palak-chicken-creamy-spinach-chicken-curry.html","Healthy","200","42.64",""
"Punjabi Chicken Aromatic Spiced Indian Curry","https://sunrisespices.in/recipe-collection/punjabi-chicken-aromatic-spiced-indian-curry.html","Healthy","200","91.24",""
"Gupi Bagha Chicken And Egg Stuffed Mushroom Skewers","https://sunrisespices.in/recipe-collection/gupi-bagha-chicken-and-egg-stuffed-mushroom-skewers.html","Healthy","200","41.31",""
"Cheesy Baked Chicken Baked Chicken Cheese Casserole","https://sunrisespices.in/recipe-collection/cheesy-baked-chicken-baked-chicken-cheese-casserole.html","Healthy","200","37.08",""
"Chicken Malaikari Bengali Chicken In Creamy Gravy Dish","https://sunrisespices.in/recipe-collection/chicken-malaikari-bengali-chicken-in-creamy-gravy-dish.html","Healthy","200","115.12",""
"Makhani Murgh Classic Creamy Butter Chicken Recipe","https://sunrisespices.in/recipe-collection/makhani-murgh-classic-creamy-butter-chicken-recipe.html","Healthy","200","330.69",""
"Chicken Kofta Spiced Chicken Kofta With Cream Sauce","https://sunrisespices.in/recipe-collection/chicken-kofta-spiced-chicken-kofta-with-cream-sauce.html","Healthy","200","36.22",""
"Chicken Dopiyaza Chicken Curry With Onion Two Ways","https://sunrisespices.in/recipe-collection/chicken-dopiyaza-chicken-curry-with-onion-two-ways.html","Healthy","200","37.92",""
"Authentic Amrita Shukto With Karela Masoor Dal Cutlets","https://sunrisespices.in/recipe-collection/authentic-amrita-shukto-with-karela-masoor-dal-cutlets.html","Healthy","200","36.71",""
"Bengali Coco Paneer Recipe With Cashews Coconut Milk Poppy Seeds","https://sunrisespices.in/recipe-collection/bengali-coco-paneer-recipe-with-cashews-coconut-milk-poppy-seeds.html","Healthy","200","36.78",""
"Lau Chingrir Mel Bandhan Lau Leaves And Prawn Bata","https://sunrisespices.in/recipe-collection/lau-chingrir-mel-bandhan-lau-leaves-and-prawn-bata.html","Healthy","200","41.32",""
"Dim Paneer Er Jugalbandhi Steamed Egg Paneer Curry","https://sunrisespices.in/recipe-collection/dim-paneer-er-jugalbandhi-steamed-egg-paneer-curry.html","Healthy","200","36.63",""
"Natkhat Chicken Tangy And Spicy Chicken Curry","https://sunrisespices.in/recipe-collection/natkhat-chicken-tangy-and-spicy-chicken-curry.html","Healthy","200","86.32",""
"Maharani Chicken Succulent Chicken In Cashew Gravy","https://sunrisespices.in/recipe-collection/maharani-chicken-succulent-chicken-in-cashew-gravy.html","Healthy","200","57.03",""
"Mughlai Chicken Curry Tender Chicken In Creamy Curry","https://sunrisespices.in/recipe-collection/mughlai-chicken-curry-tender-chicken-in-creamy-curry.html","Healthy","200","51.71",""
"Murg Nur Jehani Shahi Chicken With Almond Spice","https://sunrisespices.in/recipe-collection/murg-nur-jehani-shahi-chicken-with-almond-spice.html","Healthy","200","54.27",""
"Dim Bhapa Eggs Steamed In Bengali Sarso Coconut Gravy","https://sunrisespices.in/recipe-collection/dim-bhapa-eggs-steamed-in-bengali-sarso-coconut-gravy.html","Healthy","200","51.46",""
"Kheer Bahari Dum Aloo Creamy Potato Curry With Chhana","https://sunrisespices.in/recipe-collection/kheer-bahari-dum-aloo-creamy-potato-curry-with-chhana.html","Healthy","200","56.56",""
"Chotpota Dim Shorshe Egg Curry In Fiery Mustard Gravy","https://sunrisespices.in/recipe-collection/chotpota-dim-shorshe-egg-curry-in-fiery-mustard-gravy.html","Healthy","200","51.59",""
"Ball Chilli Chicken Classic Chilli Chicken Meatballs","https://sunrisespices.in/recipe-collection/ball-chilli-chicken-classic-chilli-chicken-meatballs.html","Healthy","200","45.36",""
"Chicken Methi Kaju Curry Creamy Nutty Chicken Curry","https://sunrisespices.in/recipe-collection/chicken-methi-kaju-curry-creamy-nutty-chicken-curry.html","Healthy","200","49.52",""
"Chicken Shorshe Posto Chicken In Mustard Poppy Gravy","https://sunrisespices.in/recipe-collection/chicken-shorshe-posto-chicken-in-mustard-poppy-gravy.html","Healthy","200","48.75",""
"Bahari Egg Curry Hard Boiled Eggs In Spicy Gravy","https://sunrisespices.in/recipe-collection/bahari-egg-curry-hard-boiled-eggs-in-spicy-gravy.html","Healthy","200","42.11",""
"Begun Bahar Brinjal In Tangy Mustard Poppy Seed Gravy","https://sunrisespices.in/recipe-collection/begun-bahar-brinjal-in-tangy-mustard-poppy-seed-gravy.html","Healthy","200","38.53",""
"Chicken Chatpati Spicy And Tangy Chicken Curry Recipe","https://sunrisespices.in/recipe-collection/chicken-chatpati-spicy-and-tangy-chicken-curry-recipe.html","Healthy","200","39.88",""
"Pastuni Chicken Drumsticks Creamy Smoky Chicken Gravy","https://sunrisespices.in/recipe-collection/pastuni-chicken-drumsticks-creamy-smoky-chicken-gravy.html","Healthy","200","59.26",""
"Darbari Pepe Bengali Raw Papaya Curry With Potatoes","https://sunrisespices.in/recipe-collection/darbari-pepe-bengali-raw-papaya-curry-with-potatoes.html","Healthy","200","55.02",""
"Spice Packed Malvani Chicken Curry With Coconut Paste","https://sunrisespices.in/recipe-collection/spice-packed-malvani-chicken-curry-with-coconut-paste.html","Healthy","200","65.25",""
"Fusion Bengali Turkish Chicken Chicken In Cheesy Sauce","https://sunrisespices.in/recipe-collection/fusion-bengali-turkish-chicken-chicken-in-cheesy-sauce.html","Healthy","200","58.6",""
"Rajkumari Chicken Shahi Chicken With Cream Almonds","https://sunrisespices.in/recipe-collection/rajkumari-chicken-shahi-chicken-with-cream-almonds.html","Healthy","200","64.41",""
"Aitijyobahi Katla R Rezala Katla Rezala Bengali Recipe","https://sunrisespices.in/recipe-collection/aitijyobahi-katla-r-rezala-katla-rezala-bengali-recipe.html","Healthy","200","59.91",""
"White Shahi Chicken Korma Creamy Chicken Korma Recipe","https://sunrisespices.in/recipe-collection/white-shahi-chicken-korma-creamy-chicken-korma-recipe.html","Healthy","200","63.72",""
"Kadhi Makhana Creamy Yoghurt Based Makhana Curry","https://sunrisespices.in/recipe-collection/kadhi-makhana-creamy-yoghurt-based-makhana-curry.html","Healthy","200","63.96",""
"Baked Pav Bhaji Spiced Veg Mash With Toasted Bread","https://sunrisespices.in/recipe-collection/baked-pav-bhaji-spiced-veg-mash-with-toasted-bread.html","Healthy","200","58.82",""
"Classic North Indian Chole With Fluffy Fried Bhature","https://sunrisespices.in/recipe-collection/classic-north-indian-chole-with-fluffy-fried-bhature.html","Healthy","200","62.09",""
"Baked Shahi Paneer Oven Roasted Melt In Your Mouth Paneer","https://sunrisespices.in/recipe-collection/baked-shahi-paneer-oven-roasted-melt-in-your-mouth-paneer.html","Healthy","200","63.9",""
"Spicy Stir Fried Haka Noodles With Chicken","https://sunrisespices.in/recipe-collection/spicy-stir-fried-haka-noodles-with-chicken.html","Healthy","200","67.65",""
"Crispy Fried Vegetables Batter Coated Bite Sized Delights","https://sunrisespices.in/recipe-collection/crispy-fried-vegetables-batter-coated-bite-sized-delights.html","Healthy","200","67.82",""
"Aloo Paratha Recipe Spiced Potato Stuffed Flatbread With A Twist","https://sunrisespices.in/recipe-collection/aloo-paratha-recipe-spiced-potato-stuffed-flatbread-with-a-twist.html","Healthy","200","61.42",""
"Easy Quick Dum Aloo Soft Baby Potatoes In Velvety Gravy","https://sunrisespices.in/recipe-collection/easy-quick-dum-aloo-soft-baby-potatoes-in-velvety-gravy.html","Healthy","200","57.73",""
"Bhoger Labra Recipe Bengali Mixed Veggie Delight","https://sunrisespices.in/recipe-collection/bhoger-labra-recipe-bengali-mixed-veggie-delight.html","Healthy","200","36.96",""
"Bhoger Khichuri Recipe Bengali Style Vegetarian Khichdi","https://sunrisespices.in/recipe-collection/bhoger-khichuri-recipe-bengali-style-vegetarian-khichdi.html","Healthy","200","59.06",""
"Raj Kachori Recipe Crispy Chaat Filled With Chutney Sev","https://sunrisespices.in/recipe-collection/raj-kachori-recipe-crispy-chaat-filled-with-chutney-sev.html","Healthy","200","26.57",""
"Vegetable Jalfrezi Recipe Quick Healthy Delicious","https://sunrisespices.in/recipe-collection/vegetable-jalfrezi-recipe-quick-healthy-delicious.html","Healthy","200","88.5",""
"Stir Fried Mustard Fish Bengali Classic With Mustard Kick","https://sunrisespices.in/recipe-collection/stir-fried-mustard-fish-bengali-classic-with-mustard-kick.html","Healthy","200","44.41",""
"Chicken Puff Recipe Flaky Puff Pastry With Creamy Chicken Filling","https://sunrisespices.in/recipe-collection/chicken-puff-recipe-flaky-puff-pastry-with-creamy-chicken-filling.html","Healthy","200","43.54",""
"About Us","https://sunrisespices.in/about-us.html","Healthy","200","51.61",""
"Faq","https://sunrisespices.in/faq.html","Healthy","200","41.3",""
"Contact Us","https://sunrisespices.in/contact-us.html","Healthy","200","159.93",""
"Terms And Conditions","https://sunrisespices.in/terms-and-conditions.html","Healthy","200","192.72",""
"Privacy Policy","https://sunrisespices.in/privacy-policy.html","Healthy","200","316.26",""
"Sitemap","https://sunrisespices.in/sitemap.html","Healthy","200","43.77",""
"Factory Locator","https://sunrisespices.in/factory-locator.html","Healthy","200","24.45",""
"Sunrise Bafoo","https://sunrisespices.in/sunrise-bafoo.html","Healthy","200","34.87",""
"Sunrise Moon","https://sunrisespices.in/sunrise-moon.html","Healthy","200","35.86",""
"Meghalaya X Sunrise Spices Masala","https://sunrisespices.in/meghalaya-x-sunrise-spices-masala.html","Healthy","200","38.35",""
"Sunrise Soyacurry","https://sunrisespices.in/sunrise-soyacurry.html","Healthy","200","72.51",""
"Mysunriserecipe","https://sunrisespices.in/mysunriserecipe.html","Healthy","200","184.44",""
"Restaurant Magic","https://sunrisespices.in/restaurant-magic.html","Healthy","200","184.94",""
"Assam","https://sunrisespices.in/assam.html","Healthy","200","43.35",""
"Til Chicken","https://sunrisespices.in/assam/til-chicken.html","Healthy","200","41.95",""
"Jharkhand","https://sunrisespices.in/jharkhand.html","Healthy","200","42.02",""
"Meghalaya","https://sunrisespices.in/meghalaya.html","Healthy","200","38.97",""
"Chinese Masala","https://sunrisespices.in/ChineseMasala.html","Healthy","200","36.27",""
"Which Bengali Dish Are You","https://sunrisespices.in/which-bengali-dish-are-you.html","Healthy","200","26.76",""
